drug_name,y_true,y_score
Afimkibart,1,0.49160084
Belimumab,0,0.5031408
Dupilumab,0,0.49362174
Etanercept,1,0.49666038
Etokimab,0,0.5066267
Fingolimod,0,0.49903095
Guselkumab,1,0.5021923
Ixékizumab,0,0.5022721
Nemolizumab,0,0.49550265
Obefazimod,1,0.4978107
Omalizumab,0,0.50211465
Ozanimod,0,0.4981668
Rituximab,0,0.49231318
Secukinumab,0,0.5029826
Tralokinumab,0,0.50503993
Upadacitinib,1,0.49706972
Vibozimod,0,0.4953603
