drug_name,y_true,y_score
Abatacept,1,0.10094547442691484
Baricitinib,1,0.07702672833659181
Crisaborole,0,0.057657540451933297
Dupilumab,0,0.07410080072234768
Etokimab,0,0.06953963478616415
Golimumab,1,0.11599963989147559
Nemolizumab,0,0.06749304912113754
Omalizumab,0,0.1363610471097358
Otelixizumab,0,0.11392528937158142
Rituximab,1,0.09423342413069744
Ruxolitinib,1,0.07702672833659181
Tapinarof,0,0.10058693822409802
Teplizumab,1,0.11392528937158142
Tralokinumab,0,0.06989378467444998
